Doencas;Serra;Desporto;Comida
Covid-19;Serra do Caramulo;Futebol;Bacalhau
covid-19;Serra da Estrela;Andebol;Francesinha
SARS;Gerês;Basquetebol;Bacalhau com natas
covid;Pico;Natação;Peixe
COVID;Serra do Luso;Corrida;Carne
SARS-CoV-2;Serra do larouco;Fórmula 1;Legumes
Hepatite;Serra de Montesinho;Ténis;Tomate
VHC;Serra da Cebola;Futebol americano;Alface
VHB;Serra do Soajo;Badminton;Pepino
VHA;Serra de Montemuro;Voleibol;Laranja
Síndrome respiratória aguda grave;Serra da Nogueira;Boccia;Alfaces
SARS;Serra do Alvão;BTT;Bolo
sars;serra do alvão;btt;bolo